date,day,video_no,daily_theme,title,opening_hook,demo_feature,primary_audience,cta,platforms,target_length_seconds,owner,status
2026-08-03,Monday,1,School setup in one morning,A Kenyan school can start here—not in a spreadsheet,Watch NEYO create the school structure before the first bell,"School profile, levels and modules",School Owner,Join the Term 3 pilot waitlist,TikTok | YouTube Shorts | Instagram Reels | Facebook Reels,25-50,Founder,PLANNED
2026-08-03,Monday,2,School setup in one morning,Stop typing the same class name in five systems,"Create a class once and reuse it across attendance, fees and academics",Classes and streams,Administrator,Book a pilot-school walkthrough,TikTok | YouTube Shorts | Instagram Reels | Facebook Reels,25-50,Sales & marketing colleague,PLANNED
2026-08-03,Monday,3,School setup in one morning,40 classes. 70 teachers. One timetable test,Show the dedicated 40-stream stress-test tenant and generator evidence,Large-school readiness,Principal,Join the waitlist,TikTok | YouTube Shorts | Instagram Reels | Facebook Reels,25-50,Founder,PLANNED
2026-08-03,Monday,4,School setup in one morning,What NEYO looks like on a KES-zero marketing budget,Tour the real app without cinematic claims or mock dashboards,Product overview,School Owner,Follow the August build-and-demo series,TikTok | YouTube Shorts | Instagram Reels | Facebook Reels,25-50,Sales & marketing colleague,PLANNED
2026-08-03,Monday,5,School setup in one morning,The two-ID system every Kenyan school should understand,Contrast admission number with a secure NEYO login identity,Identity and admissions,Registrar,Request the pilot brief,TikTok | YouTube Shorts | Instagram Reels | Facebook Reels,25-50,Founder,PLANNED
2026-08-03,Monday,6,School setup in one morning,A school system should know who is allowed to click what,Switch roles and show permission-scoped navigation,Roles and permissions,Principal,Join the pilot waitlist,TikTok | YouTube Shorts | Instagram Reels | Facebook Reels,25-50,Sales & marketing colleague,PLANNED
2026-08-03,Monday,7,School setup in one morning,What happens when a school offers CBC and 8-4-4 together?,Show level-aware configuration without duplicating the school,Curriculum and levels,Director of Studies,Save this for your school team,TikTok | YouTube Shorts | Instagram Reels | Facebook Reels,25-50,Founder,PLANNED
2026-08-03,Monday,8,School setup in one morning,"Before you buy school software, ask this one question",Demonstrate tenant isolation and explain why one school cannot see another,Tenant isolation,School Owner,Request a governed demo,TikTok | YouTube Shorts | Instagram Reels | Facebook Reels,25-50,Sales & marketing colleague,PLANNED
2026-08-04,Tuesday,1,Admissions and learner records,From enquiry to admitted learner without losing the paper trail,Walk through an admissions workflow and review state,Admissions,Registrar,Join the Term 3 pilot,TikTok | YouTube Shorts | Instagram Reels | Facebook Reels,25-50,Founder,PLANNED
2026-08-04,Tuesday,2,Admissions and learner records,Importing learners should never mean trusting a blind spreadsheet,"Show preview, validation and correction before commit",Student import,Administrator,Bring a sample template to a pilot demo,TikTok | YouTube Shorts | Instagram Reels | Facebook Reels,25-50,Sales & marketing colleague,PLANNED
2026-08-04,Tuesday,3,Admissions and learner records,"One learner, the right guardian, no accidental family mix-up",Demonstrate guardian linking and row-scoped family access,Guardians,Registrar,Join the waitlist,TikTok | YouTube Shorts | Instagram Reels | Facebook Reels,25-50,Founder,PLANNED
2026-08-04,Tuesday,4,Admissions and learner records,"When a guardian changes their phone number, what breaks?",Show the governed guardian update path and downstream login effect,Guardian updates,Reception,Request the workflow guide,TikTok | YouTube Shorts | Instagram Reels | Facebook Reels,25-50,Sales & marketing colleague,PLANNED
2026-08-04,Tuesday,5,Admissions and learner records,A transfer should not erase a learner's history,Show transfer records and controlled document handling,Transfers,Registrar,Save and share with a school administrator,TikTok | YouTube Shorts | Instagram Reels | Facebook Reels,25-50,Founder,PLANNED
2026-08-04,Tuesday,6,Admissions and learner records,"Promotion, repeat or transfer: three different decisions",Demonstrate explicit year-end learner outcomes,Promotion,Principal,Join the pilot cohort,TikTok | YouTube Shorts | Instagram Reels | Facebook Reels,25-50,Sales & marketing colleague,PLANNED
2026-08-04,Tuesday,7,Admissions and learner records,Student documents should not live in a teacher's WhatsApp,Show encrypted document upload and scoped access,Student documents,Administrator,Request a privacy-first demo,TikTok | YouTube Shorts | Instagram Reels | Facebook Reels,25-50,Founder,PLANNED
2026-08-04,Tuesday,8,Admissions and learner records,Can a teacher search every learner in the school? They should not,Demonstrate class-teacher and role-based learner scope,Student privacy,Teacher,Join the pilot waitlist,TikTok | YouTube Shorts | Instagram Reels | Facebook Reels,25-50,Sales & marketing colleague,PLANNED
2026-08-05,Wednesday,1,"Attendance, gate and safety",Attendance on a weak connection—then reconnect once,Record offline attendance and show queued sync,Offline attendance,Class Teacher,Join the Term 3 pilot,TikTok | YouTube Shorts | Instagram Reels | Facebook Reels,25-50,Founder,PLANNED
2026-08-05,Wednesday,2,"Attendance, gate and safety",The QR is reusable; the attendance session is not,Explain expiring session codes and one response per learner,QR attendance,Deputy Principal,Request a live demo,TikTok | YouTube Shorts | Instagram Reels | Facebook Reels,25-50,Sales & marketing colleague,PLANNED
2026-08-05,Wednesday,3,"Attendance, gate and safety",A printed student ID can work again tomorrow safely,Show session-bound scanning rather than permanent attendance links,Student ID attendance,Reception,Join the waitlist,TikTok | YouTube Shorts | Instagram Reels | Facebook Reels,25-50,Founder,PLANNED
2026-08-05,Wednesday,4,"Attendance, gate and safety","Late, absent, present: the register should be this fast",Demonstrate keyboard/phone attendance entry,Attendance register,Teacher,Follow for the next workflow,TikTok | YouTube Shorts | Instagram Reels | Facebook Reels,25-50,Sales & marketing colleague,PLANNED
2026-08-05,Wednesday,5,"Attendance, gate and safety",Who is at the gate right now?,"Show visitor entry, host and exit status",Visitor management,Security,Book a pilot presentation,TikTok | YouTube Shorts | Instagram Reels | Facebook Reels,25-50,Founder,PLANNED
2026-08-05,Wednesday,6,"Attendance, gate and safety",A panic button is useless if nobody knows what follows,Explain governed alerts and response roles without pretending hardware tests,Safety workflow,School Leadership,Request the safety checklist,TikTok | YouTube Shorts | Instagram Reels | Facebook Reels,25-50,Sales & marketing colleague,PLANNED
2026-08-05,Wednesday,7,"Attendance, gate and safety",No internet at the gate does not mean no record,Show supported offline gate/manual paths and honest limits,Offline gate,Security,Join the pilot,TikTok | YouTube Shorts | Instagram Reels | Facebook Reels,25-50,Founder,PLANNED
2026-08-05,Wednesday,8,"Attendance, gate and safety",The attendance report leadership actually needs,Show completion gaps instead of decorative charts,Attendance readiness,Principal,Join the waitlist,TikTok | YouTube Shorts | Instagram Reels | Facebook Reels,25-50,Sales & marketing colleague,PLANNED
2026-08-06,Thursday,1,"Fees, M-Pesa and parent trust",A fee balance should explain itself,"Open an invoice and show charges, discounts, payments and remaining balance",Fee ledger,Bursar,Join the Term 3 pilot,TikTok | YouTube Shorts | Instagram Reels | Facebook Reels,25-50,Founder,PLANNED
2026-08-06,Thursday,2,"Fees, M-Pesa and parent trust","One parent payment, two children",Demonstrate split allocation with explicit amounts,Sibling split payment,Bursar,Request a finance demo,TikTok | YouTube Shorts | Instagram Reels | Facebook Reels,25-50,Sales & marketing colleague,PLANNED
2026-08-06,Thursday,3,"Fees, M-Pesa and parent trust",Cash received by a teacher is not paid until the office confirms,Show pending teacher cash request and bursar confirmation,Cash governance,Teacher/Bursar,Join the pilot,TikTok | YouTube Shorts | Instagram Reels | Facebook Reels,25-50,Founder,PLANNED
2026-08-06,Thursday,4,"Fees, M-Pesa and parent trust",M-Pesa callback arrives twice—does the balance double?,Explain idempotent callback handling without claiming a live transaction,Payment safety,School Owner,Request the technical brief,TikTok | YouTube Shorts | Instagram Reels | Facebook Reels,25-50,Sales & marketing colleague,PLANNED
2026-08-06,Thursday,5,"Fees, M-Pesa and parent trust","Monthly, termly or yearly: the school chooses",Show billing cadence separately from learner fees,NEYO subscription cadence,School Owner,Join the waitlist,TikTok | YouTube Shorts | Instagram Reels | Facebook Reels,25-50,Founder,PLANNED
2026-08-06,Thursday,6,"Fees, M-Pesa and parent trust",A receipt people can verify,Generate a QR-verifiable receipt and show the verification boundary,Receipts,Parent/Bursar,Book a walkthrough,TikTok | YouTube Shorts | Instagram Reels | Facebook Reels,25-50,Sales & marketing colleague,PLANNED
2026-08-06,Thursday,7,"Fees, M-Pesa and parent trust",The fee reminder that should not shame a learner,Show parent-safe balance communication and controlled SMS choice,Fee communication,Bursar,Join the pilot,TikTok | YouTube Shorts | Instagram Reels | Facebook Reels,25-50,Founder,PLANNED
2026-08-06,Thursday,8,"Fees, M-Pesa and parent trust",Why NEYO separates onboarding fees from subscription billing,"Explain setup quote, approval, payment and activation",Onboarding fee,School Owner,Request a pilot quote,TikTok | YouTube Shorts | Instagram Reels | Facebook Reels,25-50,Sales & marketing colleague,PLANNED
2026-08-07,Friday,1,Teacher daily work,A teacher opens NEYO and lands on the lesson happening now,Show Nairobi-time mobile timetable focus,Teacher mobile timetable,Teacher,Join the Term 3 pilot,TikTok | YouTube Shorts | Instagram Reels | Facebook Reels,25-50,Founder,PLANNED
2026-08-07,Friday,2,Teacher daily work,Homework in under one minute,Assign to the teacher's actual class and subject,Homework,Teacher,Follow the August demo series,TikTok | YouTube Shorts | Instagram Reels | Facebook Reels,25-50,Sales & marketing colleague,PLANNED
2026-08-07,Friday,3,Teacher daily work,Stop sending revision notes into disappearing chat history,Upload class notes with scoped access,Class notes,Teacher,Join the waitlist,TikTok | YouTube Shorts | Instagram Reels | Facebook Reels,25-50,Founder,PLANNED
2026-08-07,Friday,4,Teacher daily work,The record of work should follow the timetable,"Demonstrate class, subject, topic and completion",Record of work,Teacher,Request a teacher demo,TikTok | YouTube Shorts | Instagram Reels | Facebook Reels,25-50,Sales & marketing colleague,PLANNED
2026-08-07,Friday,5,Teacher daily work,A leave request should show every lesson at risk,Show substitute proposals and human confirmation,Teacher substitution,Deputy Principal,Join the pilot,TikTok | YouTube Shorts | Instagram Reels | Facebook Reels,25-50,Founder,PLANNED
2026-08-07,Friday,6,Teacher daily work,A teacher collects cash: here is the safe workflow,Submit a pending entry without changing the ledger,Teacher cash entry,Teacher,Save this for staff training,TikTok | YouTube Shorts | Instagram Reels | Facebook Reels,25-50,Sales & marketing colleague,PLANNED
2026-08-07,Friday,7,Teacher daily work,The class report without rebuilding it in Excel,Show attendance and result summary for an assigned class,Teacher class report,Class Teacher,Join the waitlist,TikTok | YouTube Shorts | Instagram Reels | Facebook Reels,25-50,Founder,PLANNED
2026-08-07,Friday,8,Teacher daily work,What teachers can still do offline—and what they cannot,Tour the offline support matrix honestly,Offline teacher work,Teacher,Request the offline guide,TikTok | YouTube Shorts | Instagram Reels | Facebook Reels,25-50,Sales & marketing colleague,PLANNED
2026-08-10,Monday,1,Smart timetable fundamentals,A timetable generator must never change learner choices,Explain NEYO's deterministic timetable constitution,Timetable governance,Principal,Join the pilot,TikTok | YouTube Shorts | Instagram Reels | Facebook Reels,25-50,Founder,PLANNED
2026-08-10,Monday,2,Smart timetable fundamentals,"Same inputs, same engine version, same answer",Demonstrate deterministic generation and saved evidence,Deterministic solver,Director of Studies,Request a timetable demo,TikTok | YouTube Shorts | Instagram Reels | Facebook Reels,25-50,Sales & marketing colleague,PLANNED
2026-08-10,Monday,3,Smart timetable fundamentals,A double lesson cannot swallow break time,Recreate the screenshot issue and show locked break boundaries,Break-safe doubles,Timetable Committee,Join the waitlist,TikTok | YouTube Shorts | Instagram Reels | Facebook Reels,25-50,Founder,PLANNED
2026-08-10,Monday,4,Smart timetable fundamentals,"Two halves of a double, two teachers? NEYO blocks it",Show the manual conflict message,Manual doubles,Director of Studies,Save for your timetable team,TikTok | YouTube Shorts | Instagram Reels | Facebook Reels,25-50,Sales & marketing colleague,PLANNED
2026-08-10,Monday,5,Smart timetable fundamentals,Teacher clash detected before publication,Attempt a same-time assignment across classes,Teacher conflicts,Timetable Committee,Book a pilot walkthrough,TikTok | YouTube Shorts | Instagram Reels | Facebook Reels,25-50,Founder,PLANNED
2026-08-10,Monday,6,Smart timetable fundamentals,One Chemistry lab cannot host two classes,Show venue reservation and learner capacity,Venue conflicts,HOD Science,Join the pilot,TikTok | YouTube Shorts | Instagram Reels | Facebook Reels,25-50,Sales & marketing colleague,PLANNED
2026-08-10,Monday,7,Smart timetable fundamentals,Unplaced lessons must stay visible,Show incomplete output rather than hiding failure,Timetable transparency,Principal,Request the readiness checklist,TikTok | YouTube Shorts | Instagram Reels | Facebook Reels,25-50,Founder,PLANNED
2026-08-10,Monday,8,Smart timetable fundamentals,Generation is not approval,"Walk through draft, committee review, Head approval and publication",Timetable governance,Principal,Join the waitlist,TikTok | YouTube Shorts | Instagram Reels | Facebook Reels,25-50,Sales & marketing colleague,PLANNED
2026-08-11,Tuesday,1,Senior School choices and pathways,Why every learner cannot be pushed into Pure Sciences,Run different Pathway Guide answers and compare tracks,Pathway Guide,Grade 9 Learner,Try the public guide,TikTok | YouTube Shorts | Instagram Reels | Facebook Reels,25-50,Founder,PLANNED
2026-08-11,Tuesday,2,Senior School choices and pathways,A pathway is not a timetable block,"Explain pathway, combination and Option A/B/C",Senior School concepts,Parent,Join the pilot waitlist,TikTok | YouTube Shorts | Instagram Reels | Facebook Reels,25-50,Sales & marketing colleague,PLANNED
2026-08-11,Tuesday,3,Senior School choices and pathways,Three subjects that can actually fit together,Show the deterministic subject conflict graph,Option A/B/C,Director of Studies,Request a Senior School demo,TikTok | YouTube Shorts | Instagram Reels | Facebook Reels,25-50,Founder,PLANNED
2026-08-11,Tuesday,4,Senior School choices and pathways,Core Mathematics or Essential Mathematics?,Show pathway-sensitive Mathematics split,Senior Mathematics,Teacher,Save this Grade 10 explanation,TikTok | YouTube Shorts | Instagram Reels | Facebook Reels,25-50,Sales & marketing colleague,PLANNED
2026-08-11,Tuesday,5,Senior School choices and pathways,NEYO guidance is not Ministry placement,Show the official-selection link and clear boundary,Selection reconciliation,Parent,Check official selections,TikTok | YouTube Shorts | Instagram Reels | Facebook Reels,25-50,Founder,PLANNED
2026-08-11,Tuesday,6,Senior School choices and pathways,A learner's choices changed—what becomes stale?,Show readiness invalidation and required review,Choice governance,Career Teacher,Join the pilot,TikTok | YouTube Shorts | Instagram Reels | Facebook Reels,25-50,Sales & marketing colleague,PLANNED
2026-08-11,Tuesday,7,Senior School choices and pathways,Can the school genuinely offer this combination?,"Check teacher, venue and capacity readiness",Offering feasibility,Principal,Request the pilot proposal,TikTok | YouTube Shorts | Instagram Reels | Facebook Reels,25-50,Founder,PLANNED
2026-08-11,Tuesday,8,Senior School choices and pathways,Every Grade 10 learner gets a personal timetable proof,Open one learner's resolved A/B/C timetable,Learner proof,Parent,Join the waitlist,TikTok | YouTube Shorts | Instagram Reels | Facebook Reels,25-50,Sales & marketing colleague,PLANNED
2026-08-12,Wednesday,1,Assessments and competencies,No more pasting Class IDs into an assessment form,Show teacher-scoped class/subject and auto learning-area fill,Assessment plans,Teacher,Join the Term 3 pilot,TikTok | YouTube Shorts | Instagram Reels | Facebook Reels,25-50,Founder,PLANNED
2026-08-12,Wednesday,2,Assessments and competencies,"CAT, project, oral presentation—the school names the work",Create custom assessment types and titles,Flexible assessments,Teacher,Request an assessment demo,TikTok | YouTube Shorts | Instagram Reels | Facebook Reels,25-50,Sales & marketing colleague,PLANNED
2026-08-12,Wednesday,3,Assessments and competencies,Competency evidence is not another marks column,"Record evidence, level and narrative with context",Competencies,Teacher,Save this CBE explanation,TikTok | YouTube Shorts | Instagram Reels | Facebook Reels,25-50,Founder,PLANNED
2026-08-12,Wednesday,4,Assessments and competencies,Choose the learner; never paste a database ID,Show scoped competency learner picker,Learner summary,Teacher,Join the pilot,TikTok | YouTube Shorts | Instagram Reels | Facebook Reels,25-50,Sales & marketing colleague,PLANNED
2026-08-12,Wednesday,5,Assessments and competencies,Moderation before release,"Show scored, moderated and released states",Assessment governance,HOD,Request the CBE guide,TikTok | YouTube Shorts | Instagram Reels | Facebook Reels,25-50,Founder,PLANNED
2026-08-12,Wednesday,6,Assessments and competencies,A photo is evidence only when it has context,Attach evidence with note and learner scope,CBE evidence,Teacher,Join the waitlist,TikTok | YouTube Shorts | Instagram Reels | Facebook Reels,25-50,Sales & marketing colleague,PLANNED
2026-08-12,Wednesday,7,Assessments and competencies,The CBE leadership readiness screen,"Show attendance, coverage, observations and report readiness",CBE leadership,Principal,Book a walkthrough,TikTok | YouTube Shorts | Instagram Reels | Facebook Reels,25-50,Founder,PLANNED
2026-08-12,Wednesday,8,Assessments and competencies,Parents should see approved evidence—not teacher drafts,Demonstrate visibility and approval boundary,Parent CBE report,Parent,Join the pilot,TikTok | YouTube Shorts | Instagram Reels | Facebook Reels,25-50,Sales & marketing colleague,PLANNED
2026-08-13,Thursday,1,Exams and marks,Enter marks without touching the mouse,Demonstrate Enter/down/up keyboard movement,Marks grid,Teacher,Join the pilot,TikTok | YouTube Shorts | Instagram Reels | Facebook Reels,25-50,Founder,PLANNED
2026-08-13,Thursday,2,Exams and marks,"Paper 1 out of 80, Paper 2 out of 40—still one subject",Configure paper maximums and contributions,Paper grading,HOD,Request an exams demo,TikTok | YouTube Shorts | Instagram Reels | Facebook Reels,25-50,Sales & marketing colleague,PLANNED
2026-08-13,Thursday,3,Exams and marks,The exam the school did not conduct is not zero,Show available-work renormalisation with the 60/75 example,Consolidated calculation,Director of Studies,Save this computation rule,TikTok | YouTube Shorts | Instagram Reels | Facebook Reels,25-50,Founder,PLANNED
2026-08-13,Thursday,4,Exams and marks,"CAT 30%, End Term 70%: what the weight really means",Show normalized mark multiplied by contribution,Weighted reports,Teacher,Join the waitlist,TikTok | YouTube Shorts | Instagram Reels | Facebook Reels,25-50,Sales & marketing colleague,PLANNED
2026-08-13,Thursday,5,Exams and marks,"Raw marks close, review, compute, release",Walk through the governed marks portal lifecycle,Result release,Principal,Book a pilot presentation,TikTok | YouTube Shorts | Instagram Reels | Facebook Reels,25-50,Founder,PLANNED
2026-08-13,Thursday,6,Exams and marks,"One learner report, every available assessment",Open dynamic columns and subject drill-down,Consolidated report,Parent,Join the pilot,TikTok | YouTube Shorts | Instagram Reels | Facebook Reels,25-50,Sales & marketing colleague,PLANNED
2026-08-13,Thursday,7,Exams and marks,Why two learners with the same grade need different comments,Show stable comment variants and teacher lock,Report comments,Teacher,Request a report demo,TikTok | YouTube Shorts | Instagram Reels | Facebook Reels,25-50,Founder,PLANNED
2026-08-13,Thursday,8,Exams and marks,"Kiswahili subject, Kiswahili comment",Demonstrate language-aware deterministic comments,Kiswahili reporting,Kiswahili Teacher,Join the waitlist,TikTok | YouTube Shorts | Instagram Reels | Facebook Reels,25-50,Sales & marketing colleague,PLANNED
2026-08-14,Friday,1,Consolidated learner reports,The report card should explain the calculation,"Open raw mark, effective weight and contribution",Report transparency,Parent,Join the pilot,TikTok | YouTube Shorts | Instagram Reels | Facebook Reels,25-50,Founder,PLANNED
2026-08-14,Friday,2,Consolidated learner reports,DEV means this—not punishment,Explain learner mark minus class mean,Deviation,Teacher,Save this explanation,TikTok | YouTube Shorts | Instagram Reels | Facebook Reels,25-50,Sales & marketing colleague,PLANNED
2026-08-14,Friday,3,Consolidated learner reports,"Rankings can be shown, hidden or replaced with bands",Switch the school's report policy,Ranking policy,Principal,Request a demo,TikTok | YouTube Shorts | Instagram Reels | Facebook Reels,25-50,Founder,PLANNED
2026-08-14,Friday,4,Consolidated learner reports,Fees on report cards are a school decision,Toggle optional fee visibility,Report fee policy,Bursar,Join the waitlist,TikTok | YouTube Shorts | Instagram Reels | Facebook Reels,25-50,Sales & marketing colleague,PLANNED
2026-08-14,Friday,5,Consolidated learner reports,Class Teacher and Principal remarks are human-written,Show draft and lock states,Remarks governance,Principal,Join the pilot,TikTok | YouTube Shorts | Instagram Reels | Facebook Reels,25-50,Founder,PLANNED
2026-08-14,Friday,6,Consolidated learner reports,A report changes after correction—keep the old evidence,Show version and calculation hash concept,Publication snapshot,School Owner,Request the technical guide,TikTok | YouTube Shorts | Instagram Reels | Facebook Reels,25-50,Sales & marketing colleague,PLANNED
2026-08-14,Friday,7,Consolidated learner reports,Learner versus class at a glance,Show comparison bars and deviation,Comparison chart,Parent,Join the waitlist,TikTok | YouTube Shorts | Instagram Reels | Facebook Reels,25-50,Founder,PLANNED
2026-08-14,Friday,8,Consolidated learner reports,"One-page A4, colour or black and white",Download both print modes,Report PDF,Administrator,Book a pilot walkthrough,TikTok | YouTube Shorts | Instagram Reels | Facebook Reels,25-50,Sales & marketing colleague,PLANNED
2026-08-17,Monday,1,Exam timetable and practicals,Chemistry practical needs more than a time slot,"Add lab, capacity, preparation and cleanup",Practical resources,HOD Science,Join the pilot,TikTok | YouTube Shorts | Instagram Reels | Facebook Reels,25-50,Founder,PLANNED
2026-08-17,Monday,2,Exam timetable and practicals,"120 candidates, 30 per session",Build deterministic candidate ranges,Multi-session exams,Exam Officer,Request an exam demo,TikTok | YouTube Shorts | Instagram Reels | Facebook Reels,25-50,Sales & marketing colleague,PLANNED
2026-08-17,Monday,3,Exam timetable and practicals,The practical cannot finish by 4pm—NEYO refuses it,Show infeasible session-window warning,Exam feasibility,Exam Officer,Join the waitlist,TikTok | YouTube Shorts | Instagram Reels | Facebook Reels,25-50,Founder,PLANNED
2026-08-17,Monday,4,Exam timetable and practicals,"One lab, two exams, same time",Show resource reservation conflict,Exam resources,Director of Studies,Save for exam planning,TikTok | YouTube Shorts | Instagram Reels | Facebook Reels,25-50,Sales & marketing colleague,PLANNED
2026-08-17,Monday,5,Exam timetable and practicals,One paper can require three invigilators,Configure required count and unresolved warning,Invigilation,Exam Officer,Join the pilot,TikTok | YouTube Shorts | Instagram Reels | Facebook Reels,25-50,Founder,PLANNED
2026-08-17,Monday,6,Exam timetable and practicals,Can the subject teacher invigilate? The school decides,"Compare allow, prefer, avoid and prohibit",Invigilation policy,Principal,Request the policy guide,TikTok | YouTube Shorts | Instagram Reels | Facebook Reels,25-50,Sales & marketing colleague,PLANNED
2026-08-17,Monday,7,Exam timetable and practicals,Elective learners should sit only their chosen paper,Show per-student elective exam roster,Elective exams,Senior School,Join the waitlist,TikTok | YouTube Shorts | Instagram Reels | Facebook Reels,25-50,Founder,PLANNED
2026-08-17,Monday,8,Exam timetable and practicals,An exam timetable is a draft until approved,Explain generation versus school approval,Exam governance,Principal,Book a walkthrough,TikTok | YouTube Shorts | Instagram Reels | Facebook Reels,25-50,Sales & marketing colleague,PLANNED
2026-08-18,Tuesday,1,Library and accountable resources,Why the barcode was blank—and the fix,Generate a real local PNG Code 39 label,Library barcodes,Librarian,Join the pilot,TikTok | YouTube Shorts | Instagram Reels | Facebook Reels,25-50,Founder,PLANNED
2026-08-18,Tuesday,2,Library and accountable resources,Every physical copy needs its own identity,Show copy-level QR/barcode labels,Library copies,Librarian,Request a library demo,TikTok | YouTube Shorts | Instagram Reels | Facebook Reels,25-50,Sales & marketing colleague,PLANNED
2026-08-18,Tuesday,3,Library and accountable resources,"Issue a book by scanning, not searching five screens",Demonstrate scan-or-type flow,Book issue,Librarian,Join the waitlist,TikTok | YouTube Shorts | Instagram Reels | Facebook Reels,25-50,Founder,PLANNED
2026-08-18,Tuesday,4,Library and accountable resources,A transfer should reveal unreturned books,Show library clearance dependency,Transfer clearance,Registrar,Save this workflow,TikTok | YouTube Shorts | Instagram Reels | Facebook Reels,25-50,Sales & marketing colleague,PLANNED
2026-08-18,Tuesday,5,Library and accountable resources,Overdue does not automatically mean paid fine,"Show return, fine and confirmation states",Library fines,Librarian,Join the pilot,TikTok | YouTube Shorts | Instagram Reels | Facebook Reels,25-50,Founder,PLANNED
2026-08-18,Tuesday,6,Library and accountable resources,32 compact labels on one A4 sheet,Show paper-saving combined label mode,Label printing,Librarian,Request the print guide,TikTok | YouTube Shorts | Instagram Reels | Facebook Reels,25-50,Sales & marketing colleague,PLANNED
2026-08-18,Tuesday,7,Library and accountable resources,Phone camera or USB scanner? Both paths,"Explain BarcodeDetector, QR and keyboard wedge",Scanning hardware,ICT Teacher,Join the waitlist,TikTok | YouTube Shorts | Instagram Reels | Facebook Reels,25-50,Founder,PLANNED
2026-08-18,Tuesday,8,Library and accountable resources,No paid barcode API,Explain local generation and offline-safe labels,Cost control,School Owner,Book a pilot demo,TikTok | YouTube Shorts | Instagram Reels | Facebook Reels,25-50,Sales & marketing colleague,PLANNED
2026-08-19,Wednesday,1,Communication without hidden cost,An in-app message does not cost an SMS,Compare app delivery with optional paid fallback,Messaging costs,School Owner,Join the pilot,TikTok | YouTube Shorts | Instagram Reels | Facebook Reels,25-50,Founder,PLANNED
2026-08-19,Wednesday,2,Communication without hidden cost,"Urgent message, explicit acknowledgement",Show I received this and delivery state,Acknowledgements,Principal,Request a communication demo,TikTok | YouTube Shorts | Instagram Reels | Facebook Reels,25-50,Sales & marketing colleague,PLANNED
2026-08-19,Wednesday,3,Communication without hidden cost,Class chat membership should follow the class,Show automatic participant scope,Class chat,Class Teacher,Join the waitlist,TikTok | YouTube Shorts | Instagram Reels | Facebook Reels,25-50,Founder,PLANNED
2026-08-19,Wednesday,4,Communication without hidden cost,Why attachments—not text—consume most storage,Compare message rows with uploaded media,Storage literacy,ICT Admin,Save this cost tip,TikTok | YouTube Shorts | Instagram Reels | Facebook Reels,25-50,Sales & marketing colleague,PLANNED
2026-08-19,Wednesday,5,Communication without hidden cost,A voice room that does not store recordings,Explain expiring WebRTC room metadata honestly,Voice rooms,Teacher,Join the pilot,TikTok | YouTube Shorts | Instagram Reels | Facebook Reels,25-50,Founder,PLANNED
2026-08-19,Wednesday,6,Communication without hidden cost,SMS fallback is a choice with a real cost,Show fallback timing and ledger boundary,SMS controls,School Owner,Request pricing details,TikTok | YouTube Shorts | Instagram Reels | Facebook Reels,25-50,Sales & marketing colleague,PLANNED
2026-08-19,Wednesday,7,Communication without hidden cost,Old temporary files can be cleaned; official records cannot,Show storage lifecycle tiers,Storage intelligence,Administrator,Join the waitlist,TikTok | YouTube Shorts | Instagram Reels | Facebook Reels,25-50,Founder,PLANNED
2026-08-19,Wednesday,8,Communication without hidden cost,Your school can link external overflow storage,Explain manual link versus true OAuth upload,External storage,School Owner,Book a walkthrough,TikTok | YouTube Shorts | Instagram Reels | Facebook Reels,25-50,Sales & marketing colleague,PLANNED
2026-08-20,Thursday,1,School operations beyond academics,Hostel beds are not just a number,"Show dorm, bed and learner allocation",Hostel,Boarding Master,Join the pilot,TikTok | YouTube Shorts | Instagram Reels | Facebook Reels,25-50,Founder,PLANNED
2026-08-20,Thursday,2,School operations beyond academics,Transport capacity before assigning the learner,"Show route, shift, stop and seat checks",Transport,Transport Manager,Request an operations demo,TikTok | YouTube Shorts | Instagram Reels | Facebook Reels,25-50,Sales & marketing colleague,PLANNED
2026-08-20,Thursday,3,School operations beyond academics,A route-change request can affect billing,Show parent request and school decision,Transport requests,Parent,Join the waitlist,TikTok | YouTube Shorts | Instagram Reels | Facebook Reels,25-50,Founder,PLANNED
2026-08-20,Thursday,4,School operations beyond academics,"Cafeteria menu, enrolment and meal records",Demonstrate the meal workflow,Cafeteria,Catering Manager,Book a pilot demo,TikTok | YouTube Shorts | Instagram Reels | Facebook Reels,25-50,Sales & marketing colleague,PLANNED
2026-08-20,Thursday,5,School operations beyond academics,Clinic records need tighter permissions,Show role-scoped medical access,Clinic,School Nurse,Join the pilot,TikTok | YouTube Shorts | Instagram Reels | Facebook Reels,25-50,Founder,PLANNED
2026-08-20,Thursday,6,School operations beyond academics,Uniform stock and learner orders,"Show catalogue, stock and fulfilment",Uniforms,Storekeeper,Request a walkthrough,TikTok | YouTube Shorts | Instagram Reels | Facebook Reels,25-50,Sales & marketing colleague,PLANNED
2026-08-20,Thursday,7,School operations beyond academics,Assets should have custody and condition,Demonstrate asset issue and tracking,Assets,Administrator,Join the waitlist,TikTok | YouTube Shorts | Instagram Reels | Facebook Reels,25-50,Founder,PLANNED
2026-08-20,Thursday,8,School operations beyond academics,"Procurement needs request, approval and evidence",Walk through controlled purchasing,Procurement,School Owner,Join the pilot,TikTok | YouTube Shorts | Instagram Reels | Facebook Reels,25-50,Sales & marketing colleague,PLANNED
2026-08-21,Friday,1,Parent and learner experience,"One parent, several children, no confusion",Switch compact child cards,Parent portal,Parent,Join the pilot,TikTok | YouTube Shorts | Instagram Reels | Facebook Reels,25-50,Founder,PLANNED
2026-08-21,Friday,2,Parent and learner experience,The parent sees released results—not drafts,Show publication boundary,Parent results,Parent,Request a family demo,TikTok | YouTube Shorts | Instagram Reels | Facebook Reels,25-50,Sales & marketing colleague,PLANNED
2026-08-21,Friday,3,Parent and learner experience,"Homework, notes and calendar in one place",Tour the family learning view,Parent learning,Parent,Join the waitlist,TikTok | YouTube Shorts | Instagram Reels | Facebook Reels,25-50,Founder,PLANNED
2026-08-21,Friday,4,Parent and learner experience,Check Grade 10 guidance from the NEYO homepage,Open public Pathway Guide CTA,Public guide,Learner,Try the guide,TikTok | YouTube Shorts | Instagram Reels | Facebook Reels,25-50,Sales & marketing colleague,PLANNED
2026-08-21,Friday,5,Parent and learner experience,Check official selections without NEYO pretending to be MoE,Use the official selection link,Official selections,Parent,Check your official record,TikTok | YouTube Shorts | Instagram Reels | Facebook Reels,25-50,Founder,PLANNED
2026-08-21,Friday,6,Parent and learner experience,A payment receipt the parent can verify,Scan the verification QR,Parent finance,Parent,Join the pilot,TikTok | YouTube Shorts | Instagram Reels | Facebook Reels,25-50,Sales & marketing colleague,PLANNED
2026-08-21,Friday,7,Parent and learner experience,A transport request from the parent's phone,Submit a row-scoped request,Parent transport,Parent,Request the pilot brief,TikTok | YouTube Shorts | Instagram Reels | Facebook Reels,25-50,Founder,PLANNED
2026-08-21,Friday,8,Parent and learner experience,"Small phone, slow network: the design test",Show the 360px priority experience,Mobile access,Parent,Join the waitlist,TikTok | YouTube Shorts | Instagram Reels | Facebook Reels,25-50,Sales & marketing colleague,PLANNED
2026-08-24,Monday,1,"Offline, privacy and resilience",What NEYO saves offline—and what it never promises,Open the offline capability matrix,Offline scope,Principal,Join the pilot,TikTok | YouTube Shorts | Instagram Reels | Facebook Reels,25-50,Founder,PLANNED
2026-08-24,Monday,2,"Offline, privacy and resilience","Reconnect twice, create once",Explain outbox idempotency and rejected-sync review,Offline sync,ICT Admin,Request the technical brief,TikTok | YouTube Shorts | Instagram Reels | Facebook Reels,25-50,Sales & marketing colleague,PLANNED
2026-08-24,Monday,3,"Offline, privacy and resilience",A rejected offline record must not disappear,Show reviewable failed outbox,Sync governance,Teacher,Join the waitlist,TikTok | YouTube Shorts | Instagram Reels | Facebook Reels,25-50,Founder,PLANNED
2026-08-24,Monday,4,"Offline, privacy and resilience",School data is separated by tenant,Explain three-layer scoping without exposing secrets,Data isolation,School Owner,Book a technical demo,TikTok | YouTube Shorts | Instagram Reels | Facebook Reels,25-50,Sales & marketing colleague,PLANNED
2026-08-24,Monday,5,"Offline, privacy and resilience",View As should never become Edit As,Show founder/support read-only impersonation,Support safety,School Owner,Join the pilot,TikTok | YouTube Shorts | Instagram Reels | Facebook Reels,25-50,Founder,PLANNED
2026-08-24,Monday,6,"Offline, privacy and resilience",Legal claims NEYO refuses to fake,Explain no invented ODPC/DPO/approval claims,Trust,Principal,Read the privacy notice,TikTok | YouTube Shorts | Instagram Reels | Facebook Reels,25-50,Sales & marketing colleague,PLANNED
2026-08-24,Monday,7,"Offline, privacy and resilience",The system is useful when Bundi is off,Demonstrate a core manual workflow,Bundi law,Teacher,Join the waitlist,TikTok | YouTube Shorts | Instagram Reels | Facebook Reels,25-50,Founder,PLANNED
2026-08-24,Monday,8,"Offline, privacy and resilience","Backups, migrations and browser tests: what remains before launch",Give an honest launch-readiness update,Launch evidence,School Owner,Join the pilot cohort,TikTok | YouTube Shorts | Instagram Reels | Facebook Reels,25-50,Sales & marketing colleague,PLANNED
2026-08-25,Tuesday,1,School website and public trust,A school website connected to the operating system,"Tour public news, gallery and identity",Public website,School Owner,Join the pilot,TikTok | YouTube Shorts | Instagram Reels | Facebook Reels,25-50,Founder,PLANNED
2026-08-25,Tuesday,2,School website and public trust,Publish news without asking a developer,Create and review a school story,School news,Administrator,Request a website demo,TikTok | YouTube Shorts | Instagram Reels | Facebook Reels,25-50,Sales & marketing colleague,PLANNED
2026-08-25,Tuesday,3,School website and public trust,School photos need approval and safe file checks,Show governed public assets,Brand assets,School Owner,Join the waitlist,TikTok | YouTube Shorts | Instagram Reels | Facebook Reels,25-50,Founder,PLANNED
2026-08-25,Tuesday,4,School website and public trust,FAQ answers parents actually search for,Edit and publish school FAQs,Public FAQ,Reception,Save this idea,TikTok | YouTube Shorts | Instagram Reels | Facebook Reels,25-50,Sales & marketing colleague,PLANNED
2026-08-25,Tuesday,5,School website and public trust,No autoplay sound on a school website,Show optional contextual help behavior,Accessible media,Parent,Join the pilot,TikTok | YouTube Shorts | Instagram Reels | Facebook Reels,25-50,Founder,PLANNED
2026-08-25,Tuesday,6,School website and public trust,SEO without fake claims,Show metadata and structured school information,School discovery,School Owner,Request the pilot proposal,TikTok | YouTube Shorts | Instagram Reels | Facebook Reels,25-50,Sales & marketing colleague,PLANNED
2026-08-25,Tuesday,7,School website and public trust,"Light editorial outside, focused workspace inside",Compare public and app design boundaries,Design system,School Owner,Join the waitlist,TikTok | YouTube Shorts | Instagram Reels | Facebook Reels,25-50,Founder,PLANNED
2026-08-25,Tuesday,8,School website and public trust,The founder story behind NEYO,Tell the honest University of Nairobi solo-founder journey,Founder story,Public,Follow the build,TikTok | YouTube Shorts | Instagram Reels | Facebook Reels,25-50,Sales & marketing colleague,PLANNED
2026-08-26,Wednesday,1,Leadership and evidence,A dashboard should show what needs action,Open readiness cards with real gaps,Leadership dashboard,Principal,Join the pilot,TikTok | YouTube Shorts | Instagram Reels | Facebook Reels,25-50,Founder,PLANNED
2026-08-26,Wednesday,2,Leadership and evidence,Teacher appraisal should not be an automatic score,Show evidence linked to human appraisal,Teacher evidence,Principal,Request a leadership demo,TikTok | YouTube Shorts | Instagram Reels | Facebook Reels,25-50,Sales & marketing colleague,PLANNED
2026-08-26,Wednesday,3,Leadership and evidence,Syllabus coverage without pretending taught means understood,Show topic status and evidence boundary,Syllabus coverage,HOD,Join the waitlist,TikTok | YouTube Shorts | Instagram Reels | Facebook Reels,25-50,Founder,PLANNED
2026-08-26,Wednesday,4,Leadership and evidence,CBE report release needs readiness,Show completion and release decision,CBE governance,Principal,Book a walkthrough,TikTok | YouTube Shorts | Instagram Reels | Facebook Reels,25-50,Sales & marketing colleague,PLANNED
2026-08-26,Wednesday,5,Leadership and evidence,An audit log answers who changed it,Trace a governed action,Audit trail,School Owner,Join the pilot,TikTok | YouTube Shorts | Instagram Reels | Facebook Reels,25-50,Founder,PLANNED
2026-08-26,Wednesday,6,Leadership and evidence,Founder controls should not appear to schools,Compare Ops and tenant boundaries,Platform governance,School Owner,Request the technical brief,TikTok | YouTube Shorts | Instagram Reels | Facebook Reels,25-50,Sales & marketing colleague,PLANNED
2026-08-26,Wednesday,7,Leadership and evidence,Feature flags make rollout reversible,Demonstrate controlled activation,Release control,Founder/ICT,Join the waitlist,TikTok | YouTube Shorts | Instagram Reels | Facebook Reels,25-50,Founder,PLANNED
2026-08-26,Wednesday,8,Leadership and evidence,What a Term 3 pilot partnership actually tests,"Explain scope, evidence and correction loop",Pilot governance,Principal,Download the pilot brief,TikTok | YouTube Shorts | Instagram Reels | Facebook Reels,25-50,Sales & marketing colleague,PLANNED
2026-08-27,Thursday,1,Pilot school invitation,We are looking for Kenyan Term 3 pilot schools,State the exact pilot invitation and limits,Pilot waitlist,Principal,Apply to the waitlist,TikTok | YouTube Shorts | Instagram Reels | Facebook Reels,25-50,Founder,PLANNED
2026-08-27,Thursday,2,Pilot school invitation,What the school gives—and what NEYO gives,"Explain data contact, champion, training and support",Pilot partnership,School Owner,Request the proposal,TikTok | YouTube Shorts | Instagram Reels | Facebook Reels,25-50,Sales & marketing colleague,PLANNED
2026-08-27,Thursday,3,Pilot school invitation,A pilot is not a January contract,"Explain testing, feedback and exit boundary",Pilot terms,Principal,Join the pilot,TikTok | YouTube Shorts | Instagram Reels | Facebook Reels,25-50,Founder,PLANNED
2026-08-27,Thursday,4,Pilot school invitation,Which school should pilot NEYO?,"Describe readiness: leadership, data, devices and staff champion",Pilot fit,School Owner,Apply now,TikTok | YouTube Shorts | Instagram Reels | Facebook Reels,25-50,Sales & marketing colleague,PLANNED
2026-08-27,Thursday,5,Pilot school invitation,"Day school, boarding school or both?",Show module activation by real school needs,School types,Principal,Join the waitlist,TikTok | YouTube Shorts | Instagram Reels | Facebook Reels,25-50,Founder,PLANNED
2026-08-27,Thursday,6,Pilot school invitation,What we will never test on real learners without approval,"Explain privacy, payments and external-service boundaries",Pilot safety,School Owner,Request the governance pack,TikTok | YouTube Shorts | Instagram Reels | Facebook Reels,25-50,Sales & marketing colleague,PLANNED
2026-08-27,Thursday,7,Pilot school invitation,Meet the two-person launch team,Introduce founder and marketing/sales colleague with honest roles,Team,Public,Follow the August campaign,TikTok | YouTube Shorts | Instagram Reels | Facebook Reels,25-50,Founder,PLANNED
2026-08-27,Thursday,8,Pilot school invitation,30 days later: what schools asked us to improve,Reserve format for evidence-based campaign recap,Build in public,Public,Join before Term 3 onboarding closes,TikTok | YouTube Shorts | Instagram Reels | Facebook Reels,25-50,Sales & marketing colleague,PLANNED
2026-08-28,Friday,1,August finale and Term 3 readiness,160 demonstrations later: the ten workflows schools valued most,Campaign recap using actual measured engagement only,Campaign recap,Public,Join the waitlist,TikTok | YouTube Shorts | Instagram Reels | Facebook Reels,25-50,Founder,PLANNED
2026-08-28,Friday,2,August finale and Term 3 readiness,Term 3 pilot onboarding checklist,"Show data, staff champion, devices, training and sign-off",Pilot onboarding,Principal,Apply before pilot review,TikTok | YouTube Shorts | Instagram Reels | Facebook Reels,25-50,Sales & marketing colleague,PLANNED
2026-08-28,Friday,3,August finale and Term 3 readiness,The January vision without pretending we are already there,Explain pilot-to-public-launch evidence gates,Launch roadmap,School Owner,Follow the journey,TikTok | YouTube Shorts | Instagram Reels | Facebook Reels,25-50,Founder,PLANNED
2026-08-28,Friday,4,August finale and Term 3 readiness,What NEYO learned from school visits,"Publish only anonymised, consented themes",School research,Public,Join the waitlist,TikTok | YouTube Shorts | Instagram Reels | Facebook Reels,25-50,Sales & marketing colleague,PLANNED
2026-08-28,Friday,5,August finale and Term 3 readiness,"Feature requests: accepted, declined and why",Show product constitution and scope discipline,Product governance,School Owner,Request the pilot brief,TikTok | YouTube Shorts | Instagram Reels | Facebook Reels,25-50,Founder,PLANNED
2026-08-28,Friday,6,August finale and Term 3 readiness,The real launch dashboard,"Show migrations, builds, browser tests and unresolved evidence",Launch readiness,ICT Admin,Join as a test partner,TikTok | YouTube Shorts | Instagram Reels | Facebook Reels,25-50,Sales & marketing colleague,PLANNED
2026-08-28,Friday,7,August finale and Term 3 readiness,Thank you to the first pilot applicants,Use names only with explicit permission,Community,Public,Apply to the pilot,TikTok | YouTube Shorts | Instagram Reels | Facebook Reels,25-50,Founder,PLANNED
2026-08-28,Friday,8,August finale and Term 3 readiness,September starts now,"Close with one core promise: connected, governed school work",Campaign finale,Public,Join the Term 3 pilot waitlist,TikTok | YouTube Shorts | Instagram Reels | Facebook Reels,25-50,Sales & marketing colleague,PLANNED
